Event,CallSid,"Nov 10 2023, 12:00AM - Dec 7 2023, 11:59PM"
ExWo_Click_ShowSteps [Total Events],CA005bb8f8470a13332cd97bad2aa1fe0d,1
ExWo_Click_ShowSteps [Total Events],CA0065e6fea7daf573c8e23769830e0f7b,1
ExWo_Click_ShowSteps [Total Events],CA00f74bde6d43692d767e0066a2c3d623,1
ExWo_Click_ShowSteps [Total Events],CA0aac650203e000044aa6230eb252d49a,1
ExWo_Click_ShowSteps [Total Events],CA0d0ba18acb0328e8dabaa3bfe36bdf9b,1
ExWo_Click_ShowSteps [Total Events],CA0ea16c7bd02eb6cfcbd0cc812ad40fcd,2
ExWo_Click_ShowSteps [Total Events],CA10091d6aea6ccb15fec2f6dc226e48ef,1
ExWo_Click_ShowSteps [Total Events],CA15dda66a8f62fcc49f82b9118f45ca85,1
ExWo_Click_ShowSteps [Total Events],CA16469e8eba0bc81b1faa9cd699325d2f,1
ExWo_Click_ShowSteps [Total Events],CA1721b0fe885e92d91c152fd11b408de1,1
ExWo_Click_ShowSteps [Total Events],CA19952429d998097021e7a240bdb2effc,1
ExWo_Click_ShowSteps [Total Events],CA1b413fbda08171cd5313ad0a0b4811aa,1
ExWo_Click_ShowSteps [Total Events],CA1cc6d7e445beb1e6d31013f761390f91,1
ExWo_Click_ShowSteps [Total Events],CA1e30bdbf8d3341bc867181b55fe40f8e,1
ExWo_Click_ShowSteps [Total Events],CA1ef5307928296738122ad57eb64acd09,1
ExWo_Click_ShowSteps [Total Events],CA20c28bd5d4e48b9baa03423eeb11e925,1
ExWo_Click_ShowSteps [Total Events],CA20cf8bb039beb78664f8eb69ee3c58e7,1
ExWo_Click_ShowSteps [Total Events],CA20d8082e8b9c9b09a40cc4f1fd939502,1
ExWo_Click_ShowSteps [Total Events],CA219d99405eb7c37fcff9b479c6b928de,1
ExWo_Click_ShowSteps [Total Events],CA22b8a8d6e00e1677927d49a4cf68ba63,1
ExWo_Click_ShowSteps [Total Events],CA23ac80fee0f69d1bbf744ea244af35a4,1
ExWo_Click_ShowSteps [Total Events],CA24cb34a232e3d1030a413aa96f6d22af,1
ExWo_Click_ShowSteps [Total Events],CA25d06352ea42d6016b322e2141cc1d4a,1
ExWo_Click_ShowSteps [Total Events],CA267f9ab8a61f2b6d90b5ba47258bee71,1
ExWo_Click_ShowSteps [Total Events],CA2b9c75bd6815defbc639fb587a22c80e,1
ExWo_Click_ShowSteps [Total Events],CA2da798507d8c1fefffee7839ae23bcbb,1
ExWo_Click_ShowSteps [Total Events],CA3178be14cbb49713b123553a04f2369d,1
ExWo_Click_ShowSteps [Total Events],CA32ec661ce610e9c908f638ea620887d4,1
ExWo_Click_ShowSteps [Total Events],CA33a66a5d9d8788d43fad09cce9f25191,1
ExWo_Click_ShowSteps [Total Events],CA33d4758e1cdd6c4fa76b79b1633fafb4,1
ExWo_Click_ShowSteps [Total Events],CA34d72622724bffa0267f476ee2644b83,1
ExWo_Click_ShowSteps [Total Events],CA3513c48671867d4b34d05fd0ec5d44de,1
ExWo_Click_ShowSteps [Total Events],CA3ab43980ff58bae2e59dd04e5407cdd2,1
ExWo_Click_ShowSteps [Total Events],CA3c4eaa02f245764ae359efb5e8137a73,1
ExWo_Click_ShowSteps [Total Events],CA3c8340531f5ed80700f0b5150858a26c,1
ExWo_Click_ShowSteps [Total Events],CA3e9ec9a5e60e7a6888cfeb68a1409238,1
ExWo_Click_ShowSteps [Total Events],CA3f9a8a613574952b9521bf0dc8d52280,1
ExWo_Click_ShowSteps [Total Events],CA3fec5dbaefac3faddef15fa3b152358c,1
ExWo_Click_ShowSteps [Total Events],CA4086b16cb723f9b2263b59eb3f021d24,1
ExWo_Click_ShowSteps [Total Events],CA4220a62047c71bc463f7dee33f549c58,1
ExWo_Click_ShowSteps [Total Events],CA42ccad3f28305ae041c9261844c6fbb6,1
ExWo_Click_ShowSteps [Total Events],CA43d64e6ea15f3462696abebf82713eec,1
ExWo_Click_ShowSteps [Total Events],CA44683105d2962fa8c1b8c64d350a89a3,1
ExWo_Click_ShowSteps [Total Events],CA46098e1034f30fe1b08bbdddce879017,1
ExWo_Click_ShowSteps [Total Events],CA4880a37cffdca17f63a97d4ebe3a436a,1
ExWo_Click_ShowSteps [Total Events],CA4a7eb40384135d772b72ed66999ca95e,1
ExWo_Click_ShowSteps [Total Events],CA4abe07337a4161bc5d34bee5fb425775,1
ExWo_Click_ShowSteps [Total Events],CA4d822570dd6470d65c8a492ee61203ce,1
ExWo_Click_ShowSteps [Total Events],CA4e3e366a7637cd7598cf1c1501068950,1
ExWo_Click_ShowSteps [Total Events],CA4f85100d06cab9f38f9dd62e4de8d76c,1
ExWo_Click_ShowSteps [Total Events],CA4fbdcff4a4804168c9aaf2e53f3092f8,1
ExWo_Click_ShowSteps [Total Events],CA525a3ae30db6d791dc5e2d0f389a0e21,1
ExWo_Click_ShowSteps [Total Events],CA5292126b6b684e9c9af1b2abea19adb3,1
ExWo_Click_ShowSteps [Total Events],CA52b99279c8e4e1cc7897c2b27f20cc83,2
ExWo_Click_ShowSteps [Total Events],CA533f15865938827c1be56be852759344,1
ExWo_Click_ShowSteps [Total Events],CA554e42d63fc1bbc27f2761333d2c8bf5,1
ExWo_Click_ShowSteps [Total Events],CA58bcafc10dd9e149ffbb8e072055e8a6,1
ExWo_Click_ShowSteps [Total Events],CA59eff192053d3fa1c754f8e43e99418b,1
ExWo_Click_ShowSteps [Total Events],CA5eb5b1251e3530f0fed8192d2ad7371b,1
ExWo_Click_ShowSteps [Total Events],CA5ed86d11270dce5db3f14a02deb36607,2
ExWo_Click_ShowSteps [Total Events],CA5fcdde485ae2fd8bc5ea5aec91a82ddf,1
ExWo_Click_ShowSteps [Total Events],CA600eb43381ddfe827784771f1e4d0718,1
ExWo_Click_ShowSteps [Total Events],CA63f5431b120cb08ecbe589f688bb79ea,1
ExWo_Click_ShowSteps [Total Events],CA678d2604423d049541b764df1e577988,1
ExWo_Click_ShowSteps [Total Events],CA681a7b7d21764a08607881269f4bc0d3,1
ExWo_Click_ShowSteps [Total Events],CA6ba0c0d053287528f5bb0c3a09558f9d,1
ExWo_Click_ShowSteps [Total Events],CA6c320c94e26150f2d49d0d372d34ffcd,1
ExWo_Click_ShowSteps [Total Events],CA6e0df8470a6459b18239a99b697c2a62,1
ExWo_Click_ShowSteps [Total Events],CA6ef43cf7d8afc943431bf073e5576b56,1
ExWo_Click_ShowSteps [Total Events],CA732b36d2284632e025b1657cf92ed846,2
ExWo_Click_ShowSteps [Total Events],CA74b5dc1f26fe47e0d2c2a3d307e351e4,1
ExWo_Click_ShowSteps [Total Events],CA75014bf7ba39308c82912d2196cfed64,1
ExWo_Click_ShowSteps [Total Events],CA76398fa34eaf5bc7aa03e5901ca96e25,1
ExWo_Click_ShowSteps [Total Events],CA77356a875e1ff9f4541894bcfd5f8486,1
ExWo_Click_ShowSteps [Total Events],CA79f32fc83841305ce6665401b25c62bd,1
ExWo_Click_ShowSteps [Total Events],CA7d24408f7b1ca22194e4c43e37262758,1
ExWo_Click_ShowSteps [Total Events],CA8136e31fc71f4d9376194785ff21db42,1
ExWo_Click_ShowSteps [Total Events],CA836d924d601f37485e67d5522c36fb36,1
ExWo_Click_ShowSteps [Total Events],CA872be29f5632edbee76009857817ce42,1
ExWo_Click_ShowSteps [Total Events],CA877d8e1c7c597c1986b4541bf802d5ce,1
ExWo_Click_ShowSteps [Total Events],CA8cd1957c2e1043dc9e5bcab45d582ba6,1
ExWo_Click_ShowSteps [Total Events],CA8d84e55279b4239e9f20ae3ce337d47d,1
ExWo_Click_ShowSteps [Total Events],CA8edf170b5d2c179b2e4313ba5a6bd158,1
ExWo_Click_ShowSteps [Total Events],CA90ff210fd21be7dd35e082fb6c03147d,1
ExWo_Click_ShowSteps [Total Events],CA91a70d5b4e37fbbfb134d3acb2a58bf2,1
ExWo_Click_ShowSteps [Total Events],CA95f3c83b2a06faeb457677ad3b747298,1
ExWo_Click_ShowSteps [Total Events],CA963a02ffefab2453dbca99b1f6135791,1
ExWo_Click_ShowSteps [Total Events],CA9bb6e2ce103c1ac832a37948daadc4fe,1
ExWo_Click_ShowSteps [Total Events],CA9c4c9a4a3c943f04970a478b9d22b3fd,1
ExWo_Click_ShowSteps [Total Events],CA9f5aa499ca6888a6cbbcd25c1d87624e,1
ExWo_Click_ShowSteps [Total Events],CAa0aecb6b5cb0c4f836440a434bc4ea11,1
ExWo_Click_ShowSteps [Total Events],CAa25f40a742c53fea349e2886c202266b,1
ExWo_Click_ShowSteps [Total Events],CAa46f5c1621f242e54882da3a603e0b72,1
ExWo_Click_ShowSteps [Total Events],CAa570101bd655951a511384e5c4a31e7d,1
ExWo_Click_ShowSteps [Total Events],CAa646792b0f7ea51db3d03e2e60001102,1
ExWo_Click_ShowSteps [Total Events],CAa786828280fea3c98861d719f9378d66,1
ExWo_Click_ShowSteps [Total Events],CAa78b8365ff2c58d34a772b4287415f9f,1
ExWo_Click_ShowSteps [Total Events],CAa8e193913d1202e4d120cbe0988cb492,1
ExWo_Click_ShowSteps [Total Events],CAac6f990ab8013b30bccbe952305ee4fd,1
ExWo_Click_ShowSteps [Total Events],CAae0aff5e1fa924cedea765d0b40f8f76,1
ExWo_Click_ShowSteps [Total Events],CAafe9a65a4e9933dd08a6320f8638f8dd,1
ExWo_Click_ShowSteps [Total Events],CAb2dba8d7c751d15675586793f8733d31,1
ExWo_Click_ShowSteps [Total Events],CAb54727a2d509a9aca10cb862cd805352,1
ExWo_Click_ShowSteps [Total Events],CAb7c6a74f2b29305a93c63f429eb64c0b,1
ExWo_Click_ShowSteps [Total Events],CAb809b5ae146c624eef008d02a209d9d3,1
ExWo_Click_ShowSteps [Total Events],CAba510f923f93bad5647655fe09e74d13,1
ExWo_Click_ShowSteps [Total Events],CAbcb420ab8addff7717408193fbbc78e9,1
ExWo_Click_ShowSteps [Total Events],CAbebb5ff8d3f7a85eaf56f0560f3ebb9e,1
ExWo_Click_ShowSteps [Total Events],CAbed9cd66c1fe08447acdc9e13b369a73,1
ExWo_Click_ShowSteps [Total Events],CAc1efb295b9ae0b002cf72a8e5b9720c3,1
ExWo_Click_ShowSteps [Total Events],CAc3c0626a767f85f9b3b1a81d65a16837,1
ExWo_Click_ShowSteps [Total Events],CAc46ad52a0564d29daba46a510117f8da,1
ExWo_Click_ShowSteps [Total Events],CAc582874a29bcd0ea07faed88d48390a2,1
ExWo_Click_ShowSteps [Total Events],CAcc2762506bbd675c8fe42f76b00e3729,1
ExWo_Click_ShowSteps [Total Events],CAccc84fa7e2153962d25b1d4a39cb52e8,1
ExWo_Click_ShowSteps [Total Events],CAce7d972f59eac7d3b4d8277668079ce7,1
ExWo_Click_ShowSteps [Total Events],CAceec4bc5aa9bfbc0fa90f0ba12faa0a5,1
ExWo_Click_ShowSteps [Total Events],CAcef46a27c595cd4d2f6960d700dccc96,1
ExWo_Click_ShowSteps [Total Events],CAcfbb46f959f1cfb61f00739791ab1a6b,1
ExWo_Click_ShowSteps [Total Events],CAd1f5001f239ed75ca80d4a495ad03d69,1
ExWo_Click_ShowSteps [Total Events],CAd5495b4231443ee2e876684808c53ab1,1
ExWo_Click_ShowSteps [Total Events],CAd9a41283addc093fade7772abff42faf,1
ExWo_Click_ShowSteps [Total Events],CAddeb04cf891bd1c40024bc00e3761287,1
ExWo_Click_ShowSteps [Total Events],CAde91cbefc7b1ddd2ab50939cafbb78a7,1
ExWo_Click_ShowSteps [Total Events],CAe0a24d243e9dea6f8986f5076fce3114,1
ExWo_Click_ShowSteps [Total Events],CAe0cef7c08aa4e116afb362044c0ebbed,1
ExWo_Click_ShowSteps [Total Events],CAe169b12da45d0dde63c9d299d8bfd79e,1
ExWo_Click_ShowSteps [Total Events],CAe1980cc961cca02bdd5456798983bfd0,1
ExWo_Click_ShowSteps [Total Events],CAe2dd0f672804f8ab3cfad26ea787fdb6,1
ExWo_Click_ShowSteps [Total Events],CAe458ce3c805c32c4d48b8a694c21717d,2
ExWo_Click_ShowSteps [Total Events],CAe4f677f5ccfc5ee0573cae8cf9fdcab3,1
ExWo_Click_ShowSteps [Total Events],CAe6d836c18392d9e52f9b0e1fa34ea314,1
ExWo_Click_ShowSteps [Total Events],CAe7190e009a32fa91b5fd6933c63879ab,1
ExWo_Click_ShowSteps [Total Events],CAec1307a57e02f7f1d54c4e59f6fa5c6c,1
ExWo_Click_ShowSteps [Total Events],CAecb59edf670b3cf370309c0917a392ad,1
ExWo_Click_ShowSteps [Total Events],CAedc47caf4abb144bf55d70e7d4bb86ea,1
ExWo_Click_ShowSteps [Total Events],CAeeeb50b3539e673aee99dc602c6f0a37,1
ExWo_Click_ShowSteps [Total Events],CAf485f1431f8bfe2abc2c3fc5ac25acc7,1
ExWo_Click_ShowSteps [Total Events],CAf60967179188aa7458370da37d908500,1
ExWo_Click_ShowSteps [Total Events],CAf6762cd631722763fb0ec5703945317f,1
ExWo_Click_ShowSteps [Total Events],CAf68c87fea2968c57e62e1c6a3d5bcef8,1
ExWo_Click_ShowSteps [Total Events],CAf6e9d2f356072948d6e26567627076f8,1
ExWo_Click_ShowSteps [Total Events],CAf7cdd7594a6b181f0a5f99c5fea6f805,1
ExWo_Click_ShowSteps [Total Events],CAf85f00cc428f217e12d1a88028e317b8,1
ExWo_Click_ShowSteps [Total Events],CAfb95788a7fdfa208de0dc8f2425ef2da,1
ExWo_Click_ShowSteps [Total Events],CAfbab724b50a8b5e255eeacf47b6b8ad2,1
